function_id;module;function_name;source_info;inc_time_p;inc_time_s;inc_time_s_min;inc_time_s_avg;inc_time_s_max;inc_cov_deviation;inc_time_deviation;exc_time_p;exc_time_s;exc_time_s_min;exc_time_s_avg;exc_time_s_max;exc_cov_deviation;exc_time_deviation;nb_threads;cats;label_name;flops;flops_sca_sp;flops_sca_dp;flops_vec_sp;flops_vec_dp;flops_sca;flops_vec;flops_sp;flops_dp;
27;mg_mpi_f90_gfortran;resid;mg.f90:708-708,mg.f90:732-743,mg.f90:753-773;40.355953216553;4.6772623062134;4.5;4.6618747711182;4.8650002479553;1.0917413234711;0.13601256906986;7.6178014296602e-07;8.8290455835249e-08;7.040000014058e-07;7.040000014058e-07;7.040000014058e-07;3.2017112516769e-08;0;8;"100,0,0,0,0,0,0,0,0,0,0";resid_;;;;;;;;;;
26;mg_mpi_f90_gfortran;psinv;mg.f90:638-638,mg.f90:662-678,mg.f90:687-703;13.590847015381;1.5751816034317;1.46499979496;1.5699996948242;1.6899996995926;0.77812337875366;0.085440002381802;0;0;0;0;0;0;0;8;"100,0,0,0,0,0,0,0,0,0,0";psinv_;;;;;;;;;;
20;mg_mpi_f90_gfortran;interp;mg.f90:876-876,mg.f90:905-942,mg.f90:953-1020,mg.f90:1026-1041;8.4618196487427;0.98072642087936;0.84999996423721;0.97750002145767;1.0500000715256;0.58469939231873;0.069333583116531;0;0;0;0;0;0;0;8;"100,0,0,0,0,0,0,0,0,0,0";interp_;;;;;;;;;;
36;libfabric.so.1.28.0;fi_getinfo;;8.2399940490723;0.95501685142517;0.83499997854233;0.95187497138977;1.0649999380112;0.67382228374481;0.079818420112133;8.2399940490723;0.95501685142517;7.6149997711182;7.6149997711182;7.6150007247925;0.34632232785225;4.0300093928636e-07;8;"0,99.015101772817,0,0,0,0,0,0,0,0,0.98489822718319";fi_getinfo;;;;;;;;;;
25;mg_mpi_f90_gfortran;rprj3;mg.f90:778-778,mg.f90:802-813,mg.f90:819-871;6.5952415466309;0.76438969373703;0.74500000476837;0.76187497377396;0.79999995231628;0.19033764302731;0.019628221169114;0;0;0;0;0;0;0;8;"100,0,0,0,0,0,0,0,0,0,0";rprj3_;;;;;;;;;;
993;libc.so.6;mmap_remap_check;;3.8575937747955;0.44709581136703;0.40499997138977;0.44562500715256;0.48499998450279;0.23652470111847;0.027830807492137;3.8575937747955;0.44709581136703;3.5649995803833;3.5650000572205;3.5650000572205;0.16213254630566;2.0150046964318e-07;8;"0,0,0,0,0,0,0,0,0,100,0";mmap_remap_check;;;;;;;;;;
1341;libc.so.6;__syscall_cancel_arch;;2.3102281093597;0.26775586605072;0.21499998867512;0.26687499880791;0.34499999880791;0.41539254784584;0.046670388430357;2.3102281093597;0.26775586605072;2.1349999904633;2.1349999904633;2.1350002288818;0.097097426652908;1.2744008870413e-07;8;"0,100,0,0,0,0,0,0,0,0,0";__syscall_cancel_arch;;;;;;;;;;
-1;kernel;module_get_kallsym;;1.650162935257;0.19125418365002;0.13500000536442;0.19062499701977;0.23000000417233;0.26166957616806;0.030988188460469;1.650162935257;0.19125418365002;1.5249998569489;1.5249999761581;1.5249999761581;0.069355234503746;7.8040798712209e-08;8;"0,100,0,0,0,0,0,0,0,0,0";module_get_kallsym;;;;;;;;;;
1967;libmpi.so.40.40.7;ompi_mtl_psm2_register_pvars;;1.6231110095978;0.18811886012554;0.14499999582767;0.1875;0.24499998986721;0.27985855937004;0.032403703778982;1.6231110095978;0.18811886012554;1.4999998807907;1.5;1.5000001192093;0.068218395113945;7.8040798712209e-08;8;"0,100,0,0,0,0,0,0,0,0,0";ompi_mtl_psm2_register_pvars;;;;;;;;;;
23;mg_mpi_f90_gfortran;give3;mg.f90:1263-1263,mg.f90:1282-1388,mg.f90:1394-1394;1.1956918239594;0.13858090341091;0.090000003576279;0.13812500238419;0.18999998271465;0.32522970438004;0.037315014749765;0;0;0;0;0;0;0;8;"100,0,0,0,0,0,0,0,0,0,0";give3_;;;;;;;;;;
-1;kernel;_raw_spin_unlock_irqrestore;;1.0550221204758;0.12227725982666;0.095000006258488;0.12187500298023;0.17499999701977;0.21948647499084;0.02506242133677;1.0550221204758;0.12227725982666;0.97499996423721;0.97500002384186;0.9750000834465;0.044342096894979;3.1860022176033e-08;8;"0,0.51282051282051,0,0,0,99.487179487179,0,0,0,0,0";_raw_spin_unlock_irqrestore;;;;;;;;;;
22;mg_mpi_f90_gfortran;take3;mg.f90:1399-1399,mg.f90:1422-1443,mg.f90:1450-1465,mg.f90:1472-1487,mg.f90:1495-1495;0.92517334222794;0.10722775757313;0.080000005662441;0.10687500238419;0.13500000536442;0.14627085626125;0.016677079722285;0;0;0;0;0;0;0;8;"100,0,0,0,0,0,0,0,0,0,0";take3_;;;;;;;;;;
40;mg_mpi_f90_gfortran;vranlc;randi8.f90:41-41,randi8.f90:57-66;0.69793778657913;0.080891117453575;0.064999997615814;0.080624997615814;0.090000003576279;0.091113746166229;0.01050085015595;0.0054103704169393;0.0006270629237406;0.0049999998882413;0.0049999998882413;0.0050000003539026;0.00022739484847989;3.0484686996957e-10;8;"100,0,0,0,0,0,0,0,0,0,0";vranlc_;;;;;;;;;;
10;mg_mpi_f90_gfortran;norm2u3;mg.f90:1046-1046,mg.f90:1071-1098;0.64924448728561;0.075247555971146;0.064999997615814;0.075000002980232;0.080000005662441;0.05284433439374;0.0059761446900666;0;0;0;0;0;0;0;8;"100,0,0,0,0,0,0,0,0,0,0";norm2u3_;;;;;;;;;;
987;libc.so.6;_IO_peekc_locked;;0.62219262123108;0.072112239897251;0.03999999910593;0.071874998509884;0.10000000149012;0.18542939424515;0.021536929532886;0.62219262123108;0.072112239897251;0.57499998807907;0.57499998807907;0.57500004768372;0.026150351390243;3.1860022176033e-08;8;"0,0,0,0,0,0,0,100,0,0,0";_IO_peekc_locked;;;;;;;;;;
-1;kernel;do_syscall_64;;0.61678224802017;0.071485176682472;0.045000001788139;0.07124999910593;0.11999999731779;0.20854204893112;0.024164613336325;0.61678224802017;0.071485176682472;0.56999999284744;0.56999999284744;0.56999999284744;0.025923043489456;0;8;"0,97.368421052632,0,0,0,2.6315789473684,0,0,0,0,0";do_syscall_64;;;;;;;;;;
-1;kernel;clear_page_erms;;0.52480590343475;0.060825102031231;0.035000000149012;0.060625001788139;0.08500000089407;0.14411668479443;0.016569657251239;0.52480590343475;0.060825102031231;0.48499998450279;0.48500001430511;0.48500001430511;0.022057382389903;2.2528437781943e-08;8;"0,0,0,0,0,100,0,0,0,0,0";clear_page_erms;;;;;;;;;;
29;mg_mpi_f90_gfortran;zran3;mg.f90:2119-2119,mg.f90:2149-2150,mg.f90:2156-2170,mg.f90:2182-2206,mg.f90:2218-2265,mg.f90:2293-2306,mg.f90:2313-2313,mg.f90:2449-2468,mg.f90:2494-2510,mg.f90:2520-2536,mg.f90:2551-2551,mg.f90:2563-2566;0.45447111129761;0.052673287689686;0.050000000745058;0.052500002086163;0.055000003427267;0.024522464722395;0.0026726128999144;0;0;0;0;0;0;0;8;"100,0,0,0,0,0,0,0,0,0,0";zran3_;;;;;;;;;;
-1;kernel;vsnprintf;;0.39495703577995;0.045775592327118;0.030000001192093;0.045625001192093;0.064999997615814;0.10871802270412;0.012659694068134;0.39495703577995;0.045775592327118;0.36499997973442;0.36500000953674;0.36500000953674;0.016599861904979;1.9510199678052e-08;8;"0,100,0,0,0,0,0,0,0,0,0";vsnprintf;;;;;;;;;;
-1;kernel;_copy_to_iter;;0.3570844233036;0.041386149823666;0.024999998509884;0.041250001639128;0.070000000298023;0.14760026335716;0.017060816287994;0.3570844233036;0.041386149823666;0.3299999833107;0.33000001311302;0.33000001311302;0.015008065849543;1.9510199678052e-08;8;"0,100,0,0,0,0,0,0,0,0,0";_copy_to_iter;;;;;;;;;;
-1;kernel;do_user_addr_fault;;0.27592888474464;0.031980205327272;0.019999999552965;0.031874999403954;0.040000002831221;0.072726629674435;0.0084250904619694;0.27592888474464;0.031980205327272;0.25499999523163;0.25499999523163;0.25500002503395;0.011597156524658;1.1264218890972e-08;8;"0,1.9607843137255,0,0,0,98.039215686275,0,0,0,0,0";do_user_addr_fault;;;;;;;;;;
-1;kernel;number;;0.18395258486271;0.021320138126612;0.014999999664724;0.021250000223517;0.03999999910593;0.073498785495758;0.0083452295511961;0.18395258486271;0.021320138126612;0.16999998688698;0.17000000178814;0.17000000178814;0.0077314297668636;7.9650055440084e-09;8;"0,100,0,0,0,0,0,0,0,0,0";number;;;;;;;;;;
2078;libc.so.6;__GI___sched_yield;;0.1623111218214;0.018811888992786;0.0099999997764826;0.018750000745058;0.029999999329448;0.055411625653505;0.0064086993224919;0.1623111218214;0.018811888992786;0.1499999910593;0.15000000596046;0.15000000596046;0.0068218633532524;9.7550998390261e-09;8;"0,3.3333333333333,0,0,0,96.666666666667,0,0,0,0,0";__GI___sched_yield;;;;;;;;;;
-1;kernel;__list_del_entry_valid_or_report;;0.14608000218868;0.01693069934845;0.0049999998882413;0.016875000670552;0.029999999329448;0.083248563110828;0.0096130492165685;0.14608000218868;0.01693069934845;0.13499999046326;0.13500000536442;0.13500000536442;0.0061396523378789;7.9650055440084e-09;8;"0,3.7037037037037,0,0,0,96.296296296296,0,0,0,0,0";__list_del_entry_valid_or_report;;;;;;;;;;
-1;kernel;fdget;;0.14608000218868;0.01693069934845;0.0050000003539026;0.016875000670552;0.030000001192093;0.076426513493061;0.0088388351723552;0.14608000218868;0.01693069934845;0.13499999046326;0.13500000536442;0.13500000536442;0.0061396523378789;7.9650055440084e-09;8;"0,100,0,0,0,0,0,0,0,0,0";fdget;;;;;;;;;;
-1;kernel;__schedule;;0.13525925576687;0.015676572918892;0.0049999998882413;0.015625;0.025000000372529;0.062947109341621;0.007288689725101;0.13525925576687;0.015676572918892;0.125;0.125;0.125;0.0056848912499845;0;8;"0,0,0,0,0,100,0,0,0,0,0";__schedule;;;;;;;;;;
1109;libc.so.6;__internal_syscall_cancel;;0.13525925576687;0.015676572918892;0.0049999998882413;0.015625;0.030000001192093;0.074989572167397;0.0086344415321946;0.13525925576687;0.015676572918892;0.125;0.125;0.125;0.0056848912499845;0;8;"0,100,0,0,0,0,0,0,0,0,0";__internal_syscall_cancel;;;;;;;;;;
-1;kernel;format_decode;;0.12984888255596;0.01504950877279;0.0049999998882413;0.017142856493592;0.035000000149012;0.099173925817013;0.011495340615511;0.12984888255596;0.01504950877279;0.11999999731779;0.12000000476837;0.12000000476837;0.0054574841633439;5.6321094454859e-09;7;"0,100,0,0,0,0,0,0,0,0,0";format_decode;;;;;;;;;;
-1;kernel;kallsyms_expand_symbol.constprop.0;;0.12984888255596;0.01504950877279;0.0099999997764826;0.017142856493592;0.035000000149012;0.094179950654507;0.010745984502137;0.12984888255596;0.01504950877279;0.11999999731779;0.12000000476837;0.12000000476837;0.0054574841633439;5.6321094454859e-09;7;"0,100,0,0,0,0,0,0,0,0,0";kallsyms_expand_symbol.constprop.0;;;;;;;;;;
986;libc.so.6;__GI_putc_unlocked;;0.12984888255596;0.01504950877279;0.0050000003539026;0.015000000596046;0.030000001192093;0.076528191566467;0.008864052593708;0.12984888255596;0.01504950877279;0.11999999731779;0.12000000476837;0.12000000476837;0.0054574841633439;5.6321094454859e-09;8;"0,0,0,0,0,0,0,100,0,0,0";__GI_putc_unlocked;;;;;;;;;;
-1;kernel;__handle_mm_fault;;0.11902815103531;0.013795384205878;0.0049999998882413;0.013749999925494;0.019999999552965;0.038640774786472;0.004432026296854;0.11902815103531;0.013795384205878;0.10999999195337;0.10999999940395;0.11000000685453;0.0050026914104819;4.8775499195131e-09;8;"0,0,0,0,0,100,0,0,0,0,0";__handle_mm_fault;;;;;;;;;;
-1;kernel;string;;0.1136177778244;0.013168321922421;0.0050000003539026;0.013124999590218;0.029999999329448;0.069973744452;0.0079899486154318;0.1136177778244;0.013168321922421;0.10499998927116;0.10499999672174;0.10500000417233;0.0047752903774381;5.6321094454859e-09;8;"0,100,0,0,0,0,0,0,0,0,0";string;;;;;;;;;;
978;libc.so.6;_IO_vtable_check;;0.1136177778244;0.013168321922421;0.0049999998882413;0.013125000521541;0.02000000141561;0.045798927545547;0.0053033013828099;0.1136177778244;0.013168321922421;0.10499998927116;0.10499999672174;0.10500000417233;0.0047752903774381;5.6321094454859e-09;8;"0,0,0,0,0,0,0,100,0,0,0";_IO_vtable_check;;;;;;;;;;
870;libc.so.6;save_for_wbackup;;0.1136177778244;0.013168321922421;0.0099999997764826;0.015000000596046;0.030000001192093;0.060999691486359;0.0070710680447519;0.1136177778244;0.013168321922421;0.10499998927116;0.10499999672174;0.10500000417233;0.0047752903774381;5.6321094454859e-09;7;"0,0,0,0,0,100,0,0,0,0,0";save_for_wbackup;;;;;;;;;;
-1;kernel;do_epoll_wait;;0.10279703885317;0.011914195492864;0.0049999998882413;0.01357142906636;0.025000000372529;0.069584131240845;0.0080178370699286;0.10279703885317;0.011914195492864;0.094999991357327;0.094999998807907;0.095000006258488;0.0043205027468503;4.8775499195131e-09;7;"0,100,0,0,0,0,0,0,0,0,0";do_epoll_wait;;;;;;;;;;
-1;kernel;ep_poll;;0.10279703885317;0.011914195492864;0.0049999998882413;0.011874999850988;0.024999998509884;0.057011920958757;0.0065123504027724;0.10279703885317;0.011914195492864;0.094999991357327;0.094999998807907;0.095000006258488;0.0043205027468503;4.8775499195131e-09;8;"0,100,0,0,0,0,0,0,0,0,0";ep_poll;;;;;;;;;;
-1;kernel;seq_read_iter;;0.10279703885317;0.011914195492864;0.0099999997764826;0.011874999850988;0.015000000596046;0.022147675976157;0.0025877456646413;0.10279703885317;0.011914195492864;0.094999991357327;0.094999998807907;0.095000006258488;0.0043205027468503;4.8775499195131e-09;8;"0,100,0,0,0,0,0,0,0,0,0";seq_read_iter;;;;;;;;;;
-1;kernel;__x64_sys_epoll_wait;;0.097386658191681;0.011287131346762;0.0049999998882413;0.011250000447035;0.025000000372529;0.060450159013271;0.006943651009351;0.097386658191681;0.011287131346762;0.089999996125698;0.090000003576279;0.090000003576279;0.0040931045077741;4.8775499195131e-09;8;"0,100,0,0,0,0,0,0,0,0,0";__x64_sys_epoll_wait;;;;;;;;;;
-1;kernel;do_anonymous_page;;0.091976292431355;0.010660069063306;0.0049999998882413;0.010625000111759;0.02000000141561;0.054273642599583;0.0062321173027158;0.091976292431355;0.010660069063306;0.084999993443489;0.08500000089407;0.08500000089407;0.0038657148834318;3.9825027720042e-09;8;"0,0,0,0,0,100,0,0,0,0,0";do_anonymous_page;;;;;;;;;;
1962;libmpi.so.40.40.7;ompi_mtl_ofi_progress_no_inline;;0.091976292431355;0.010660069063306;0.0049999998882413;0.010625000111759;0.015000000596046;0.036151271313429;0.004172614775598;0.091976292431355;0.010660069063306;0.084999993443489;0.08500000089407;0.08500000089407;0.0038657148834318;3.9825027720042e-09;8;"0,100,0,0,0,0,0,0,0,0,0";ompi_mtl_ofi_progress_no_inline;;;;;;;;;;
1619;libc.so.6;__GI_strstr;;0.091976292431355;0.010660069063306;0.0050000003539026;0.012142857536674;0.02000000141561;0.042005598545074;0.0048795007169247;0.091976292431355;0.010660069063306;0.084999993443489;0.08500000089407;0.08500000089407;0.0038657148834318;3.9825027720042e-09;7;"0,100,0,0,0,0,0,0,0,0,0";__GI_strstr;;;;;;;;;;
-1;kernel;zap_present_ptes.constprop.0;;0.086565926671028;0.01003300677985;0.0099999997764826;0.011428571306169;0.015000000596046;0.02086928114295;0.0024397503584623;0.086565926671028;0.01003300677985;0.079999998211861;0.079999998211861;0.080000005662441;0.0036383175756782;4.8775499195131e-09;7;"0,0,0,0,0,100,0,0,0,0,0";zap_present_ptes.constprop.0;;;;;;;;;;
-1;kernel;memcg1_commit_charge;;0.081155560910702;0.0094059444963932;0.0050000003539026;0.012500000186265;0.024999998509884;0.060544114559889;0.0068920236080885;0.081155560910702;0.0094059444963932;0.074999995529652;0.075000002980232;0.075000002980232;0.0034109316766262;4.8775499195131e-09;6;"0,0,0,0,0,100,0,0,0,0,0";memcg1_commit_charge;;;;;;;;;;
-1;kernel;osq_lock;;0.081155560910702;0.0094059444963932;0.0099999997764826;0.012500000186265;0.015000000596046;0.023443046957254;0.0027386124711484;0.081155560910702;0.0094059444963932;0.074999995529652;0.075000002980232;0.075000002980232;0.0034109316766262;4.8775499195131e-09;6;"0,0,0,0,0,100,0,0,0,0,0";osq_lock;;;;;;;;;;
-1;kernel;__pi_memcpy;;0.075745187699795;0.0087788812816143;0.0049999998882413;0.0087500000372529;0.015000000596046;0.030489688739181;0.0035355340223759;0.075745187699795;0.0087788812816143;0.069999992847443;0.070000000298023;0.070000000298023;0.003183524357155;3.9825027720042e-09;8;"0,100,0,0,0,0,0,0,0,0,0";__pi_memcpy;;;;;;;;;;
-1;kernel;srso_alias_safe_ret;;0.075745187699795;0.0087788812816143;0.0049999998882413;0.011666666716337;0.02000000141561;0.059236276894808;0.0068313009105623;0.075745187699795;0.0087788812816143;0.069999992847443;0.070000000298023;0.070000000298023;0.003183524357155;3.9825027720042e-09;6;"0,50,0,0,0,50,0,0,0,0,0";srso_alias_safe_ret;;;;;;;;;;
1110;libc.so.6;__syscall_cancel;;0.070334814488888;0.0081518180668354;0.0050000003539026;0.0092857144773006;0.014999999664724;0.038865622133017;0.0044986768625677;0.070334814488888;0.0081518180668354;0.064999997615814;0.064999997615814;0.065000005066395;0.0029561358969659;2.8160547227429e-09;7;"0,92.307692307692,0,0,0,7.6923076923077,0,0,0,0,0";__syscall_cancel;;;;;;;;;;
-1;kernel;blk_cgroup_congested;;0.064924441277981;0.0075247543863952;0.0049999998882413;0.0085714282467961;0.014999999664724;0.032677371054888;0.0037796446122229;0.064924441277981;0.0075247543863952;0.059999998658895;0.060000002384186;0.060000002384186;0.002728742081672;2.8160547227429e-09;7;"0,0,0,0,0,100,0,0,0,0,0";blk_cgroup_congested;;;;;;;;;;
-1;kernel;cmp_name;;0.064924441277981;0.0075247543863952;0.0049999998882413;0.0085714282467961;0.019999999552965;0.054417431354523;0.0062678316608071;0.064924441277981;0.0075247543863952;0.059999998658895;0.060000002384186;0.060000002384186;0.002728742081672;2.8160547227429e-09;7;"0,100,0,0,0,0,0,0,0,0,0";cmp_name;;;;;;;;;;
-1;kernel;__rcu_read_unlock;;0.064924441277981;0.0075247543863952;0.0049999998882413;0.0085714282467961;0.015000000596046;0.032497994601727;0.0037796450778842;0.064924441277981;0.0075247543863952;0.059999998658895;0.060000002384186;0.060000002384186;0.002728742081672;2.8160547227429e-09;7;"0,25,0,0,0,75,0,0,0,0,0";__rcu_read_unlock;;;;;;;;;;
816;libc.so.6;__GI___getdelim;;0.059514075517654;0.0068976921029389;0.0049999998882413;0.010999999940395;0.019999999552965;0.05625131726265;0.0065192021429539;0.059514075517654;0.0068976921029389;0.054999995976686;0.054999999701977;0.055000003427267;0.002501345705241;2.4387749597565e-09;5;"0,100,0,0,0,0,0,0,0,0,0";__GI___getdelim;;;;;;;;;;
-1;kernel;mas_walk;;0.054103702306747;0.00627062888816;0.0049999998882413;0.0083333337679505;0.015000000596046;0.035088982433081;0.0040824832394719;0.054103702306747;0.00627062888816;0.049999997019768;0.050000000745058;0.050000004470348;0.0022739502601326;1.9912513860021e-09;6;"0,0,0,0,0,100,0,0,0,0,0";mas_walk;;;;;;;;;;
-1;kernel;get_mem_cgroup_from_mm;;0.054103702306747;0.00627062888816;0.0099999997764826;0.012499999254942;0.019999999552965;0.043066404759884;0.0049999998882413;0.054103702306747;0.00627062888816;0.049999997019768;0.050000000745058;0.050000004470348;0.0022739502601326;1.9912513860021e-09;4;"0,0,0,0,0,100,0,0,0,0,0";get_mem_cgroup_from_mm;;;;;;;;;;
-1;kernel;alloc_anon_folio;;0.054103702306747;0.00627062888816;0.0049999998882413;0.0083333337679505;0.015000000596046;0.035150546580553;0.0040824832394719;0.054103702306747;0.00627062888816;0.049999997019768;0.050000000745058;0.050000004470348;0.0022739502601326;1.9912513860021e-09;6;"0,10,0,0,0,90,0,0,0,0,0";alloc_anon_folio;;;;;;;;;;
-1;kernel;s_show;;0.054103702306747;0.00627062888816;0.0049999998882413;0.0083333337679505;0.010000000707805;0.022226193919778;0.0025819891598076;0.054103702306747;0.00627062888816;0.049999997019768;0.050000000745058;0.050000004470348;0.0022739502601326;1.9912513860021e-09;6;"0,100,0,0,0,0,0,0,0,0,0";s_show;;;;;;;;;;
-1;kernel;update_iter;;0.04869332909584;0.0056435656733811;0.0049999998882413;0.0075000002980232;0.010000000707805;0.023781778290868;0.002738612703979;0.04869332909584;0.0056435656733811;0.044999998062849;0.045000001788139;0.045000001788139;0.0020465522538871;2.4387749597565e-09;6;"0,100,0,0,0,0,0,0,0,0,0";update_iter;;;;;;;;;;
-1;kernel;__rcu_read_lock;;0.04869332909584;0.0056435656733811;0.0049999998882413;0.0075000002980232;0.014999999664724;0.036734234541655;0.0041832998394966;0.04869332909584;0.0056435656733811;0.044999998062849;0.045000001788139;0.045000001788139;0.0020465522538871;2.4387749597565e-09;6;"0,33.333333333333,0,0,0,66.666666666667,0,0,0,0,0";__rcu_read_lock;;;;;;;;;;
-1;kernel;s_next;;0.04869332909584;0.0056435656733811;0.0049999998882413;0.0075000002980232;0.014999999664724;0.036156374961138;0.0041832998394966;0.04869332909584;0.0056435656733811;0.044999998062849;0.045000001788139;0.045000001788139;0.0020465522538871;2.4387749597565e-09;6;"0,100,0,0,0,0,0,0,0,0,0";s_next;;;;;;;;;;
2494;libc.so.6;epoll_wait;;0.04869332909584;0.0056435656733811;0.0049999998882413;0.0089999996125698;0.014999999664724;0.036120489239693;0.0041832998394966;0.04869332909584;0.0056435656733811;0.044999998062849;0.045000001788139;0.045000001788139;0.0020465522538871;2.4387749597565e-09;5;"0,33.333333333333,0,0,0,0,0,66.666666666667,0,0,0";epoll_wait;;;;;;;;;;
9;libopen-pal.so.80.0.5;opal_progress;;0.04869332909584;0.0056435656733811;0.0049999998882413;0.0089999996125698;0.019999999552965;0.056188181042671;0.0065192021429539;0.04869332909584;0.0056435656733811;0.044999998062849;0.045000001788139;0.045000001788139;0.0020465522538871;2.4387749597565e-09;5;"0,100,0,0,0,0,0,0,0,0,0";opal_progress;;;;;;;;;;
-1;kernel;sized_strscpy;;0.043282963335514;0.0050165033899248;0.0049999998882413;0.0099999997764826;0.019999999552965;0.062127914279699;0.0070710675790906;0.043282963335514;0.0050165033899248;0.03999999910593;0.03999999910593;0.040000002831221;0.0018191587878391;2.4387749597565e-09;4;"0,100,0,0,0,0,0,0,0,0,0";sized_strscpy;;;;;;;;;;
-1;kernel;seq_printf;;0.037872593849897;0.0043894406408072;0.0049999998882413;0.0070000002160668;0.010000000707805;0.023447612300515;0.0027386129368097;0.037872593849897;0.0043894406408072;0.034999996423721;0.035000000149012;0.035000000149012;0.0015917621785775;1.9912513860021e-09;5;"0,100,0,0,0,0,0,0,0,0,0";seq_printf;;;;;;;;;;
-1;kernel;count_memcg_events;;0.037872593849897;0.0043894406408072;0.0049999998882413;0.0070000002160668;0.010000000707805;0.02383978664875;0.002738612703979;0.037872593849897;0.0043894406408072;0.034999996423721;0.035000000149012;0.035000000149012;0.0015917621785775;1.9912513860021e-09;5;"0,14.285714285714,0,0,0,85.714285714286,0,0,0,0,0";count_memcg_events;;;;;;;;;;
-1;kernel;__lruvec_stat_mod_folio;;0.037872593849897;0.0043894406408072;0.0049999998882413;0.0087500000372529;0.02000000141561;0.0645821839571;0.0075000007636845;0.037872593849897;0.0043894406408072;0.034999996423721;0.035000000149012;0.035000000149012;0.0015917621785775;1.9912513860021e-09;4;"0,0,0,0,0,100,0,0,0,0,0";__lruvec_stat_mod_folio;;;;;;;;;;
-1;kernel;get_symbol_offset;;0.037872593849897;0.0043894406408072;0.0049999998882413;0.0087500000372529;0.015000000596046;0.041202198714018;0.0047871358692646;0.037872593849897;0.0043894406408072;0.034999996423721;0.035000000149012;0.035000000149012;0.0015917621785775;1.9912513860021e-09;4;"0,100,0,0,0,0,0,0,0,0,0";get_symbol_offset;;;;;;;;;;
2119;libmpi.so.40.40.7;mca_part_base_select;;0.037872593849897;0.0043894406408072;0.0049999998882413;0.0070000002160668;0.010000000707805;0.023973381146789;0.0027386129368097;0.037872593849897;0.0043894406408072;0.034999996423721;0.035000000149012;0.035000000149012;0.0015917621785775;1.9912513860021e-09;5;"0,100,0,0,0,0,0,0,0,0,0";mca_part_base_select;;;;;;;;;;
-1;kernel;_raw_spin_unlock_irq;;0.03246222063899;0.0037623771931976;0.0049999998882413;0.0075000002980232;0.015000000596046;0.043180912733078;0.0050000003539026;0.03246222063899;0.0037623771931976;0.029999999329448;0.030000001192093;0.030000001192093;0.001364371040836;1.4080273613715e-09;4;"0,0,0,0,0,100,0,0,0,0,0";_raw_spin_unlock_irq;;;;;;;;;;
-1;kernel;_raw_spin_lock;;0.03246222063899;0.0037623771931976;0.0049999998882413;0.0049999998882413;0.0050000003539026;0.00023840364883654;2.9451005523207e-10;0.03246222063899;0.0037623771931976;0.029999999329448;0.030000001192093;0.030000001192093;0.001364371040836;1.4080273613715e-09;6;"0,50,0,0,0,50,0,0,0,0,0";_raw_spin_lock;;;;;;;;;;
-1;kernel;mod_memcg_lruvec_state;;0.03246222063899;0.0037623771931976;0.0049999998882413;0.0075000002980232;0.010000000707805;0.025136636570096;0.0028867514338344;0.03246222063899;0.0037623771931976;0.029999999329448;0.030000001192093;0.030000001192093;0.001364371040836;1.4080273613715e-09;4;"0,0,0,0,0,100,0,0,0,0,0";mod_memcg_lruvec_state;;;;;;;;;;
-1;kernel;__alloc_frozen_pages_noprof;;0.03246222063899;0.0037623771931976;0.0099999997764826;0.010000000707805;0.010000000707805;3.7226829590509e-05;6.5854449671221e-10;0.03246222063899;0.0037623771931976;0.029999999329448;0.030000001192093;0.030000001192093;0.001364371040836;1.4080273613715e-09;3;"0,0,0,0,0,100,0,0,0,0,0";__alloc_frozen_pages_noprof;;;;;;;;;;
-1;kernel;handle_mm_fault;;0.03246222063899;0.0037623771931976;0.0049999998882413;0.0060000000521541;0.0099999997764826;0.019266733899713;0.0022360677830875;0.03246222063899;0.0037623771931976;0.029999999329448;0.030000001192093;0.030000001192093;0.001364371040836;1.4080273613715e-09;5;"0,0,0,0,0,100,0,0,0,0,0";handle_mm_fault;;;;;;;;;;
-1;kernel;zap_pte_range;;0.03246222063899;0.0037623771931976;0.0049999998882413;0.0075000002980232;0.010000000707805;0.024766385555267;0.0028867516666651;0.03246222063899;0.0037623771931976;0.029999999329448;0.030000001192093;0.030000001192093;0.001364371040836;1.4080273613715e-09;4;"0,0,0,0,0,100,0,0,0,0,0";zap_pte_range;;;;;;;;;;
-1;kernel;vm_normal_page;;0.03246222063899;0.0037623771931976;0.0049999998882413;0.0060000000521541;0.010000000707805;0.01925584115088;0.0022360682487488;0.03246222063899;0.0037623771931976;0.029999999329448;0.030000001192093;0.030000001192093;0.001364371040836;1.4080273613715e-09;5;"0,50,0,0,0,50,0,0,0,0,0";vm_normal_page;;;;;;;;;;
-1;kernel;__next_zones_zonelist;;0.03246222063899;0.0037623771931976;0.0049999998882413;0.0060000000521541;0.010000000707805;0.019241290166974;0.0022360682487488;0.03246222063899;0.0037623771931976;0.029999999329448;0.030000001192093;0.030000001192093;0.001364371040836;1.4080273613715e-09;5;"0,0,0,0,0,100,0,0,0,0,0";__next_zones_zonelist;;;;;;;;;;
-1;kernel;access_error;;0.03246222063899;0.0037623771931976;0.0049999998882413;0.010000000707805;0.015000000596046;0.043196488171816;0.0050000003539026;0.03246222063899;0.0037623771931976;0.029999999329448;0.030000001192093;0.030000001192093;0.001364371040836;1.4080273613715e-09;3;"0,0,0,0,0,100,0,0,0,0,0";access_error;;;;;;;;;;
-1;kernel;alloc_pages_mpol;;0.027051851153374;0.00313531444408;0.0099999997764826;0.012500000186265;0.015000000596046;0.030491774901748;0.0035355344880372;0.027051851153374;0.00313531444408;0.024999998509884;0.025000000372529;0.025000002235174;0.0011369751300663;9.9562569300105e-10;2;"0,0,0,0,0,100,0,0,0,0,0";alloc_pages_mpol;;;;;;;;;;
-1;kernel;rmqueue.isra.0;;0.027051851153374;0.00313531444408;0.0049999998882413;0.0062500000931323;0.010000000707805;0.021592015400529;0.0025000004097819;0.027051851153374;0.00313531444408;0.024999998509884;0.025000000372529;0.025000002235174;0.0011369751300663;9.9562569300105e-10;4;"0,0,0,0,0,100,0,0,0,0,0";rmqueue.isra.0;;;;;;;;;;
-1;kernel;rmqueue_pcplist;;0.027051851153374;0.00313531444408;0.0049999998882413;0.0049999998882413;0.0050000003539026;0.00016521719226148;3.2927224835611e-10;0.027051851153374;0.00313531444408;0.024999998509884;0.025000000372529;0.025000002235174;0.0011369751300663;9.9562569300105e-10;5;"0,0,0,0,0,100,0,0,0,0,0";rmqueue_pcplist;;;;;;;;;;
-1;kernel;___pte_offset_map;;0.027051851153374;0.00313531444408;0.0049999998882413;0.0062500000931323;0.0099999997764826;0.021598253399134;0.0024999999441206;0.027051851153374;0.00313531444408;0.024999998509884;0.025000000372529;0.025000002235174;0.0011369751300663;9.9562569300105e-10;4;"0,0,0,0,0,100,0,0,0,0,0";___pte_offset_map;;;;;;;;;;
220;ld-linux-x86-64.so.2;_dl_tlsdesc_return;;0.027051851153374;0.00313531444408;0.0049999998882413;0.0049999998882413;0.0050000003539026;2.4998480512295e-05;3.2927224835611e-10;0.027051851153374;0.00313531444408;0.024999998509884;0.025000000372529;0.025000002235174;0.0011369751300663;9.9562569300105e-10;5;"0,100,0,0,0,0,0,0,0,0,0";_dl_tlsdesc_return;;;;;;;;;;
-1;kernel;charge_memcg;;0.021641481667757;0.0025082516949624;0.0049999998882413;0.0049999998882413;0.0050000003539026;0.00029556493973359;3.8021086279372e-10;0.021641481667757;0.0025082516949624;0.019999999552965;0.019999999552965;0.02000000141561;0.00090957939391956;1.2193874798783e-09;4;"0,0,0,0,0,100,0,0,0,0,0";charge_memcg;;;;;;;;;;
-1;kernel;try_charge_memcg;;0.021641481667757;0.0025082516949624;0.0049999998882413;0.0049999998882413;0.0050000003539026;0.00029897334752604;3.8021086279372e-10;0.021641481667757;0.0025082516949624;0.019999999552965;0.019999999552965;0.02000000141561;0.00090957939391956;1.2193874798783e-09;4;"0,0,0,0,0,100,0,0,0,0,0";try_charge_memcg;;;;;;;;;;
-1;kernel;post_alloc_hook;;0.021641481667757;0.0025082516949624;0.0049999998882413;0.0066666668280959;0.010000000707805;0.024880327284336;0.0028867516666651;0.021641481667757;0.0025082516949624;0.019999999552965;0.019999999552965;0.02000000141561;0.00090957939391956;1.2193874798783e-09;3;"0,0,0,0,0,100,0,0,0,0,0";post_alloc_hook;;;;;;;;;;
-1;kernel;__pte_offset_map_lock;;0.021641481667757;0.0025082516949624;0.0050000003539026;0.010000000707805;0.015000000596046;0.061075892299414;0.0070710680447519;0.021641481667757;0.0025082516949624;0.019999999552965;0.019999999552965;0.02000000141561;0.00090957939391956;1.2193874798783e-09;2;"0,50,0,0,0,50,0,0,0,0,0";__pte_offset_map_lock;;;;;;;;;;
-1;kernel;handle_pte_fault;;0.021641481667757;0.0025082516949624;0.0049999998882413;0.0066666668280959;0.0099999997764826;0.024950256571174;0.0028867512010038;0.021641481667757;0.0025082516949624;0.019999999552965;0.019999999552965;0.02000000141561;0.00090957939391956;1.2193874798783e-09;3;"0,0,0,0,0,100,0,0,0,0,0";handle_pte_fault;;;;;;;;;;
-1;kernel;lock_vma_under_rcu;;0.021641481667757;0.0025082516949624;0.0049999998882413;0.0066666668280959;0.010000000707805;0.024815632030368;0.0028867518994957;0.021641481667757;0.0025082516949624;0.019999999552965;0.019999999552965;0.02000000141561;0.00090957939391956;1.2193874798783e-09;3;"0,0,0,0,0,100,0,0,0,0,0";lock_vma_under_rcu;;;;;;;;;;
-1;kernel;follow_page_pte;;0.021641481667757;0.0025082516949624;0.0050000003539026;0.0066666668280959;0.0099999997764826;0.024901872500777;0.0028867509681731;0.021641481667757;0.0025082516949624;0.019999999552965;0.019999999552965;0.02000000141561;0.00090957939391956;1.2193874798783e-09;3;"0,100,0,0,0,0,0,0,0,0,0";follow_page_pte;;;;;;;;;;
78;libucs.so.0.0.0;ucs_x86_init_tsc_freq;;0.021641481667757;0.0025082516949624;0.0049999998882413;0.0050000003539026;0.0050000003539026;2.4063001546892e-05;2.6884966475293e-10;0.021641481667757;0.0025082516949624;0.019999999552965;0.019999999552965;0.02000000141561;0.00090957939391956;1.2193874798783e-09;4;"0,0,0,0,0,0,0,0,0,0,100";ucs_x86_init_tsc_freq;;;;;;;;;;
2;libfabric.so.1.28.0;.plt.sec@start;;0.021641481667757;0.0025082516949624;0.0049999998882413;0.0066666668280959;0.0099999997764826;0.025346549227834;0.0028867512010038;0.021641481667757;0.0025082516949624;0.019999999552965;0.019999999552965;0.02000000141561;0.00090957939391956;1.2193874798783e-09;3;"0,100,0,0,0,0,0,0,0,0,0";.plt.sec@start;;;;;;;;;;
-1;kernel;mutex_lock;;0.016231110319495;0.0018811885965988;0.0049999998882413;0.0075000002980232;0.010000000707805;0.030491780489683;0.0035355344880372;0.016231110319495;0.0018811885965988;0.014999999664724;0.015000000596046;0.015000000596046;0.00068218552041799;7.0401368068573e-10;2;"0,100,0,0,0,0,0,0,0,0,0";mutex_lock;;;;;;;;;;
-1;kernel;fput;;0.016231110319495;0.0018811885965988;0.0049999998882413;0.0049999998882413;0.0050000003539026;0.00021180095791351;3.2927224835611e-10;0.016231110319495;0.0018811885965988;0.014999999664724;0.015000000596046;0.015000000596046;0.00068218552041799;7.0401368068573e-10;3;"0,100,0,0,0,0,0,0,0,0,0";fput;;;;;;;;;;
-1;kernel;__mem_cgroup_charge;;0.016231110319495;0.0018811885965988;0.0049999998882413;0.0050000003539026;0.0050000003539026;1.0763673344627e-05;3.2927224835611e-10;0.016231110319495;0.0018811885965988;0.014999999664724;0.015000000596046;0.015000000596046;0.00068218552041799;7.0401368068573e-10;3;"0,0,0,0,0,100,0,0,0,0,0";__mem_cgroup_charge;;;;;;;;;;
-1;kernel;get_vma_policy;;0.016231110319495;0.0018811885965988;0.0049999998882413;0.0050000003539026;0.0050000003539026;0.00034341498394497;3.2927224835611e-10;0.016231110319495;0.0018811885965988;0.014999999664724;0.015000000596046;0.015000000596046;0.00068218552041799;7.0401368068573e-10;3;"0,0,0,0,0,100,0,0,0,0,0";get_vma_policy;;;;;;;;;;
-1;kernel;get_page_from_freelist;;0.016231110319495;0.0018811885965988;0.0050000003539026;0.0075000002980232;0.0099999997764826;0.030478682368994;0.0035355335567147;0.016231110319495;0.0018811885965988;0.014999999664724;0.015000000596046;0.015000000596046;0.00068218552041799;7.0401368068573e-10;2;"0,0,0,0,0,100,0,0,0,0,0";get_page_from_freelist;;;;;;;;;;
-1;kernel;free_unref_folios;;0.016231110319495;0.0018811885965988;0.0049999998882413;0.0050000003539026;0.0050000003539026;0.00021777568326797;3.2927224835611e-10;0.016231110319495;0.0018811885965988;0.014999999664724;0.015000000596046;0.015000000596046;0.00068218552041799;7.0401368068573e-10;3;"0,0,0,0,0,100,0,0,0,0,0";free_unref_folios;;;;;;;;;;
-1;kernel;folio_remove_rmap_ptes;;0.016231110319495;0.0018811885965988;0.0049999998882413;0.0074999998323619;0.0099999997764826;0.03015705011785;0.0035355337895453;0.016231110319495;0.0018811885965988;0.014999999664724;0.015000000596046;0.015000000596046;0.00068218552041799;7.0401368068573e-10;2;"0,0,0,0,0,100,0,0,0,0,0";folio_remove_rmap_ptes;;;;;;;;;;
-1;kernel;follow_page_mask;;0.016231110319495;0.0018811885965988;0.0049999998882413;0.0050000003539026;0.0050000003539026;0.00022255067597143;3.2927224835611e-10;0.016231110319495;0.0018811885965988;0.014999999664724;0.015000000596046;0.015000000596046;0.00068218552041799;7.0401368068573e-10;3;"0,100,0,0,0,0,0,0,0,0,0";follow_page_mask;;;;;;;;;;
-1;kernel;mutex_spin_on_owner;;0.016231110319495;0.0018811885965988;0.0049999998882413;0.0049999998882413;0.0050000003539026;3.2279167498928e-05;3.2927224835611e-10;0.016231110319495;0.0018811885965988;0.014999999664724;0.015000000596046;0.015000000596046;0.00068218552041799;7.0401368068573e-10;3;"0,0,0,0,0,100,0,0,0,0,0";mutex_spin_on_owner;;;;;;;;;;
-1;kernel;__virt_addr_valid;;0.016231110319495;0.0018811885965988;0.0049999998882413;0.0074999998323619;0.0099999997764826;0.0310232732445;0.0035355337895453;0.016231110319495;0.0018811885965988;0.014999999664724;0.015000000596046;0.015000000596046;0.00068218552041799;7.0401368068573e-10;2;"0,100,0,0,0,0,0,0,0,0,0";__virt_addr_valid;;;;;;;;;;
-1;kernel;apic_mem_wait_icr_idle;;0.016231110319495;0.0018811885965988;0.0049999998882413;0.0049999998882413;0.0050000003539026;0.00033841677941382;3.2927224835611e-10;0.016231110319495;0.0018811885965988;0.014999999664724;0.015000000596046;0.015000000596046;0.00068218552041799;7.0401368068573e-10;3;"0,66.666666666667,0,0,0,33.333333333333,0,0,0,0,0";apic_mem_wait_icr_idle;;;;;;;;;;
-1;kernel;x64_sys_call;;0.016231110319495;0.0018811885965988;0.014999999664724;0.014999999664724;0.014999999664724;0;0;0.016231110319495;0.0018811885965988;0.014999999664724;0.015000000596046;0.015000000596046;0.00068218552041799;7.0401368068573e-10;1;"0,100,0,0,0,0,0,0,0,0,0";x64_sys_call;;;;;;;;;;
1996;libmpi.so.40.40.7;ompi_mtl_psm2_send;;0.016231110319495;0.0018811885965988;0.0049999998882413;0.0075000002980232;0.010000000707805;0.030104298144579;0.0035355344880372;0.016231110319495;0.0018811885965988;0.014999999664724;0.015000000596046;0.015000000596046;0.00068218552041799;7.0401368068573e-10;2;"0,100,0,0,0,0,0,0,0,0,0";ompi_mtl_psm2_send;;;;;;;;;;
908;libc.so.6;_IO_wfile_sync;;0.016231110319495;0.0018811885965988;0.0050000003539026;0.0075000002980232;0.0099999997764826;0.030570907518268;0.0035355335567147;0.016231110319495;0.0018811885965988;0.014999999664724;0.015000000596046;0.015000000596046;0.00068218552041799;7.0401368068573e-10;2;"0,0,0,0,0,0,0,100,0,0,0";_IO_wfile_sync;;;;;;;;;;
827;libc.so.6;_IO_new_proc_close;;0.016231110319495;0.0018811885965988;0.0049999998882413;0.0050000003539026;0.0050000003539026;0.00033266629907303;3.2927224835611e-10;0.016231110319495;0.0018811885965988;0.014999999664724;0.015000000596046;0.015000000596046;0.00068218552041799;7.0401368068573e-10;3;"0,0,0,0,0,0,0,100,0,0,0";_IO_new_proc_close;;;;;;;;;;
453;libopen-pal.so.80.0.5;opal_dl_base_select;;0.016231110319495;0.0018811885965988;0.0049999998882413;0.0049999998882413;0.0050000003539026;0.00021180095791351;3.2927224835611e-10;0.016231110319495;0.0018811885965988;0.014999999664724;0.015000000596046;0.015000000596046;0.00068218552041799;7.0401368068573e-10;3;"0,100,0,0,0,0,0,0,0,0,0";opal_dl_base_select;;;;;;;;;;
230;libmpi.so.40.40.7;ompi_request_is_failed_fn;;0.016231110319495;0.0018811885965988;0.0049999998882413;0.0075000002980232;0.010000000707805;0.03047863394022;0.0035355344880372;0.016231110319495;0.0018811885965988;0.014999999664724;0.015000000596046;0.015000000596046;0.00068218552041799;7.0401368068573e-10;2;"0,100,0,0,0,0,0,0,0,0,0";ompi_request_is_failed_fn;;;;;;;;;;
-1;kernel;srso_alias_return_thunk;;0.016231110319495;0.0018811885965988;0.0049999998882413;0.0074999998323619;0.0099999997764826;0.030478665605187;0.0035355337895453;0.016231110319495;0.0018811885965988;0.014999999664724;0.015000000596046;0.015000000596046;0.00068218552041799;7.0401368068573e-10;2;"0,100,0,0,0,0,0,0,0,0,0";srso_alias_return_thunk;;;;;;;;;;
28;mg_mpi_f90_gfortran;mg3p;mg.f90:570-570,mg.f90:595-633,mg.f90:2551-2551,mg.f90:2563-2566;0.016231110319495;0.0018811885965988;0.0049999998882413;0.0049999998882413;0.0050000003539026;0.0002225437638117;3.2927224835611e-10;0;0;0;0;0;0;0;3;"100,0,0,0,0,0,0,0,0,0,0";mg3p_;;;;;;;;;;
4;libopen-pal.so.80.0.5;opal_btl_usnic_register_test;;0.016231110319495;0.0018811885965988;0.0049999998882413;0.0049999998882413;0.0049999998882413;0.00028650448075496;0;0.016231110319495;0.0018811885965988;0.014999999664724;0.015000000596046;0.015000000596046;0.00068218552041799;7.0401368068573e-10;3;"0,100,0,0,0,0,0,0,0,0,0";opal_btl_usnic_register_test;;;;;;;;;;
-1;mg_mpi_f90_gfortran;unknown_function;;0.016231110319495;0.0018811885965988;0.0050000003539026;0.0075000002980232;0.010000000707805;0.030557669699192;0.0035355342552066;0.016231110319495;0.0018811885965988;0.014999999664724;0.015000000596046;0.015000000596046;0.00068218552041799;7.0401368068573e-10;2;"100,0,0,0,0,0,0,0,0,0,0";Unknown function;;;;;;;;;;
-1;kernel;irqentry_exit_to_user_mode;;0.010820740833879;0.0012541258474812;0.0099999997764826;0.0099999997764826;0.0099999997764826;0;0;0.010820740833879;0.0012541258474812;0.0099999997764826;0.0099999997764826;0.010000000707805;0.00045478969695978;6.0969373993913e-10;1;"0,0,0,0,0,100,0,0,0,0,0";irqentry_exit_to_user_mode;;;;;;;;;;
-1;kernel;strcmp;;0.010820740833879;0.0012541258474812;0.0049999998882413;0.0049999998882413;0.0050000003539026;0.00042702397331595;4.6566128730774e-10;0.010820740833879;0.0012541258474812;0.0099999997764826;0.0099999997764826;0.010000000707805;0.00045478969695978;6.0969373993913e-10;2;"0,100,0,0,0,0,0,0,0,0,0";strcmp;;;;;;;;;;
-1;kernel;mt_find;;0.010820740833879;0.0012541258474812;0.0049999998882413;0.0049999998882413;0.0050000003539026;2.6376024834462e-05;4.6566128730774e-10;0.010820740833879;0.0012541258474812;0.0099999997764826;0.0099999997764826;0.010000000707805;0.00045478969695978;6.0969373993913e-10;2;"0,100,0,0,0,0,0,0,0,0,0";mt_find;;;;;;;;;;
-1;kernel;proc_reg_read;;0.010820740833879;0.0012541258474812;0.0049999998882413;0.0049999998882413;0.0050000003539026;1.862645149231e-08;4.6566128730774e-10;0.010820740833879;0.0012541258474812;0.0099999997764826;0.0099999997764826;0.010000000707805;0.00045478969695978;6.0969373993913e-10;2;"0,100,0,0,0,0,0,0,0,0,0";proc_reg_read;;;;;;;;;;
-1;kernel;__dquot_alloc_space;;0.010820740833879;0.0012541258474812;0.0049999998882413;0.0049999998882413;0.0050000003539026;0.0004138583317399;4.6566128730774e-10;0.010820740833879;0.0012541258474812;0.0099999997764826;0.0099999997764826;0.010000000707805;0.00045478969695978;6.0969373993913e-10;2;"0,0,0,0,0,100,0,0,0,0,0";__dquot_alloc_space;;;;;;;;;;
-1;kernel;ep_check_params;;0.010820740833879;0.0012541258474812;0.0099999997764826;0.0099999997764826;0.0099999997764826;0;0;0.010820740833879;0.0012541258474812;0.0099999997764826;0.0099999997764826;0.010000000707805;0.00045478969695978;6.0969373993913e-10;1;"0,100,0,0,0,0,0,0,0,0,0";ep_check_params;;;;;;;;;;
-1;kernel;seq_read;;0.010820740833879;0.0012541258474812;0.0050000003539026;0.0050000003539026;0.0050000003539026;2.6339146643295e-05;0;0.010820740833879;0.0012541258474812;0.0099999997764826;0.0099999997764826;0.010000000707805;0.00045478969695978;6.0969373993913e-10;2;"0,100,0,0,0,0,0,0,0,0,0";seq_read;;;;;;;;;;
-1;kernel;uncharge_folio;;0.010820740833879;0.0012541258474812;0.0049999998882413;0.0049999998882413;0.0049999998882413;0.00042700816993602;0;0.010820740833879;0.0012541258474812;0.0099999997764826;0.0099999997764826;0.010000000707805;0.00045478969695978;6.0969373993913e-10;2;"0,0,0,0,0,100,0,0,0,0,0";uncharge_folio;;;;;;;;;;
-1;kernel;vma_alloc_folio_noprof;;0.010820740833879;0.0012541258474812;0.0049999998882413;0.0049999998882413;0.0050000003539026;2.6357585738879e-05;4.6566128730774e-10;0.010820740833879;0.0012541258474812;0.0099999997764826;0.0099999997764826;0.010000000707805;0.00045478969695978;6.0969373993913e-10;2;"0,0,0,0,0,100,0,0,0,0,0";vma_alloc_folio_noprof;;;;;;;;;;
-1;kernel;__rmqueue_pcplist;;0.010820740833879;0.0012541258474812;0.0049999998882413;0.0049999998882413;0.0050000003539026;1.862645149231e-08;4.6566128730774e-10;0.010820740833879;0.0012541258474812;0.0099999997764826;0.0099999997764826;0.010000000707805;0.00045478969695978;6.0969373993913e-10;2;"0,0,0,0,0,100,0,0,0,0,0";__rmqueue_pcplist;;;;;;;;;;
-1;kernel;folio_add_new_anon_rmap;;0.010820740833879;0.0012541258474812;0.0049999998882413;0.0049999998882413;0.0049999998882413;0.00023937039077282;0;0.010820740833879;0.0012541258474812;0.0099999997764826;0.0099999997764826;0.010000000707805;0.00045478969695978;6.0969373993913e-10;2;"0,0,0,0,0,100,0,0,0,0,0";folio_add_new_anon_rmap;;;;;;;;;;
-1;kernel;pte_offset_map_rw_nolock;;0.010820740833879;0.0012541258474812;0.0049999998882413;0.0049999998882413;0.0050000003539026;0.00042702397331595;4.6566128730774e-10;0.010820740833879;0.0012541258474812;0.0099999997764826;0.0099999997764826;0.010000000707805;0.00045478969695978;6.0969373993913e-10;2;"0,0,0,0,0,100,0,0,0,0,0";pte_offset_map_rw_nolock;;;;;;;;;;
-1;kernel;__get_user_pages;;0.010820740833879;0.0012541258474812;0.0049999998882413;0.0049999998882413;0.0050000003539026;0.00042702397331595;4.6566128730774e-10;0.010820740833879;0.0012541258474812;0.0099999997764826;0.0099999997764826;0.010000000707805;0.00045478969695978;6.0969373993913e-10;2;"0,100,0,0,0,0,0,0,0,0,0";__get_user_pages;;;;;;;;;;
-1;kernel;mod_node_page_state;;0.010820740833879;0.0012541258474812;0.0049999998882413;0.0049999998882413;0.0049999998882413;0.00025255445507355;0;0.010820740833879;0.0012541258474812;0.0099999997764826;0.0099999997764826;0.010000000707805;0.00045478969695978;6.0969373993913e-10;2;"0,100,0,0,0,0,0,0,0,0,0";mod_node_page_state;;;;;;;;;;
-1;kernel;shmem_alloc_and_add_folio;;0.010820740833879;0.0012541258474812;0.0049999998882413;0.0049999998882413;0.0049999998882413;0.00023937039077282;0;0.010820740833879;0.0012541258474812;0.0099999997764826;0.0099999997764826;0.010000000707805;0.00045478969695978;6.0969373993913e-10;2;"0,0,0,0,0,100,0,0,0,0,0";shmem_alloc_and_add_folio;;;;;;;;;;
-1;kernel;folios_put_refs;;0.010820740833879;0.0012541258474812;0.0049999998882413;0.0049999998882413;0.0050000003539026;2.6376024834462e-05;4.6566128730774e-10;0.010820740833879;0.0012541258474812;0.0099999997764826;0.0099999997764826;0.010000000707805;0.00045478969695978;6.0969373993913e-10;2;"0,0,0,0,0,100,0,0,0,0,0";folios_put_refs;;;;;;;;;;
-1;kernel;do_sched_yield;;0.010820740833879;0.0012541258474812;0.0049999998882413;0.0049999998882413;0.0049999998882413;0.00038748231600039;0;0.010820740833879;0.0012541258474812;0.0099999997764826;0.0099999997764826;0.010000000707805;0.00045478969695978;6.0969373993913e-10;2;"0,0,0,0,0,100,0,0,0,0,0";do_sched_yield;;;;;;;;;;
-1;kernel;kthread_blkcg;;0.010820740833879;0.0012541258474812;0.0049999998882413;0.0049999998882413;0.0050000003539026;1.320250066783e-05;4.6566128730774e-10;0.010820740833879;0.0012541258474812;0.0099999997764826;0.0099999997764826;0.010000000707805;0.00045478969695978;6.0969373993913e-10;2;"0,0,0,0,0,100,0,0,0,0,0";kthread_blkcg;;;;;;;;;;
2255;libmpi.so.40.40.7;mca_pml_cm_recv_request_completion;;0.010820740833879;0.0012541258474812;0.0049999998882413;0.0049999998882413;0.0050000003539026;1.320250066783e-05;4.6566128730774e-10;0.010820740833879;0.0012541258474812;0.0099999997764826;0.0099999997764826;0.010000000707805;0.00045478969695978;6.0969373993913e-10;2;"0,100,0,0,0,0,0,0,0,0,0";mca_pml_cm_recv_request_completion;;;;;;;;;;
1478;libc.so.6;__GI___libc_malloc;;0.010820740833879;0.0012541258474812;0.0049999998882413;0.0049999998882413;0.0050000003539026;0.00040068483212963;4.6566128730774e-10;0.010820740833879;0.0012541258474812;0.0099999997764826;0.0099999997764826;0.010000000707805;0.00045478969695978;6.0969373993913e-10;2;"0,100,0,0,0,0,0,0,0,0,0";__GI___libc_malloc;;;;;;;;;;
885;libc.so.6;__GI___wunderflow;;0.010820740833879;0.0012541258474812;0.010000000707805;0.010000000707805;0.010000000707805;0;0;0.010820740833879;0.0012541258474812;0.0099999997764826;0.0099999997764826;0.010000000707805;0.00045478969695978;6.0969373993913e-10;1;"0,0,0,0,0,100,0,0,0,0,0";__GI___wunderflow;;;;;;;;;;
828;libc.so.6;_IO_puts;;0.010820740833879;0.0012541258474812;0.0049999998882413;0.0049999998882413;0.0050000003539026;0.00027891204808839;4.6566128730774e-10;0.010820740833879;0.0012541258474812;0.0099999997764826;0.0099999997764826;0.010000000707805;0.00045478969695978;6.0969373993913e-10;2;"0,0,0,0,0,0,0,100,0,0,0";_IO_puts;;;;;;;;;;
111;ld-linux-x86-64.so.2;do_lookup_x;;0.010820740833879;0.0012541258474812;0.0049999998882413;0.0049999998882413;0.0049999998882413;0.00042700816993602;0;0.010820740833879;0.0012541258474812;0.0099999997764826;0.0099999997764826;0.010000000707805;0.00045478969695978;6.0969373993913e-10;2;"0,0,0,0,0,100,0,0,0,0,0";do_lookup_x;;;;;;;;;;
1;libc.so.6;.plt.sec@start;;0.010820740833879;0.0012541258474812;0.0049999998882413;0.0049999998882413;0.0050000003539026;0.0004138583317399;4.6566128730774e-10;0.010820740833879;0.0012541258474812;0.0099999997764826;0.0099999997764826;0.010000000707805;0.00045478969695978;6.0969373993913e-10;2;"0,100,0,0,0,0,0,0,0,0,0";.plt.sec@start;;;;;;;;;;
0;Unknown module;unknown_function;;0.010820740833879;0.0012541258474812;0.0099999997764826;0.0099999997764826;0.0099999997764826;0;0;0.010820740833879;0.0012541258474812;0.0099999997764826;0.0099999997764826;0.010000000707805;0.00045478969695978;6.0969373993913e-10;1;"0,0,0,0,0,0,0,0,0,0,100";Unknown function;;;;;;;;;;
-1;[vdso];unknown_function;;0.010820740833879;0.0012541258474812;0.0049999998882413;0.0049999998882413;0.0049999998882413;0.00040066638030112;0;0.010820740833879;0.0012541258474812;0.0099999997764826;0.0099999997764826;0.010000000707805;0.00045478969695978;6.0969373993913e-10;2;"0,0,0,0,0,0,0,0,0,0,100";Unknown function;;;;;;;;;;
-1;kernel;rtl8169_update_counters.part.0;;0.0054103704169393;0.0006270629237406;0.0050000003539026;0.0050000003539026;0.0050000003539026;0;0;0.0054103704169393;0.0006270629237406;0.0049999998882413;0.0049999998882413;0.0050000003539026;0.00022739484847989;3.0484686996957e-10;1;"0,0,0,0,0,100,0,0,0,0,0";rtl8169_update_counters.part.0;;;;;;;;;;
-1;kernel;native_queued_spin_lock_slowpath;;0.0054103704169393;0.0006270629237406;0.0050000003539026;0.0050000003539026;0.0050000003539026;0;0;0.0054103704169393;0.0006270629237406;0.0049999998882413;0.0049999998882413;0.0050000003539026;0.00022739484847989;3.0484686996957e-10;1;"0,100,0,0,0,0,0,0,0,0,0";native_queued_spin_lock_slowpath;;;;;;;;;;
-1;kernel;_raw_spin_unlock;;0.0054103704169393;0.0006270629237406;0.0049999998882413;0.0049999998882413;0.0049999998882413;0;0;0.0054103704169393;0.0006270629237406;0.0049999998882413;0.0049999998882413;0.0050000003539026;0.00022739484847989;3.0484686996957e-10;1;"0,0,0,0,0,100,0,0,0,0,0";_raw_spin_unlock;;;;;;;;;;
-1;kernel;_raw_spin_trylock;;0.0054103704169393;0.0006270629237406;0.0049999998882413;0.0049999998882413;0.0049999998882413;0;0;0.0054103704169393;0.0006270629237406;0.0049999998882413;0.0049999998882413;0.0050000003539026;0.00022739484847989;3.0484686996957e-10;1;"0,0,0,0,0,100,0,0,0,0,0";_raw_spin_trylock;;;;;;;;;;
-1;kernel;__pi_memset;;0.0054103704169393;0.0006270629237406;0.0049999998882413;0.0049999998882413;0.0049999998882413;0;0;0.0054103704169393;0.0006270629237406;0.0049999998882413;0.0049999998882413;0.0050000003539026;0.00022739484847989;3.0484686996957e-10;1;"0,100,0,0,0,0,0,0,0,0,0";__pi_memset;;;;;;;;;;
-1;kernel;__get_user_8;;0.0054103704169393;0.0006270629237406;0.0050000003539026;0.0050000003539026;0.0050000003539026;0;0;0.0054103704169393;0.0006270629237406;0.0049999998882413;0.0049999998882413;0.0050000003539026;0.00022739484847989;3.0484686996957e-10;1;"0,0,0,0,0,100,0,0,0,0,0";__get_user_8;;;;;;;;;;
-1;kernel;xas_find;;0.0054103704169393;0.0006270629237406;0.0049999998882413;0.0049999998882413;0.0049999998882413;0;0;0.0054103704169393;0.0006270629237406;0.0049999998882413;0.0049999998882413;0.0050000003539026;0.00022739484847989;3.0484686996957e-10;1;"0,0,0,0,0,100,0,0,0,0,0";xas_find;;;;;;;;;;
-1;kernel;strnlen;;0.0054103704169393;0.0006270629237406;0.0050000003539026;0.0050000003539026;0.0050000003539026;0;0;0.0054103704169393;0.0006270629237406;0.0049999998882413;0.0049999998882413;0.0050000003539026;0.00022739484847989;3.0484686996957e-10;1;"0,100,0,0,0,0,0,0,0,0,0";strnlen;;;;;;;;;;
-1;kernel;mas_topiary_replace;;0.0054103704169393;0.0006270629237406;0.0049999998882413;0.0049999998882413;0.0049999998882413;0;0;0.0054103704169393;0.0006270629237406;0.0049999998882413;0.0049999998882413;0.0050000003539026;0.00022739484847989;3.0484686996957e-10;1;"0,0,0,0,0,100,0,0,0,0,0";mas_topiary_replace;;;;;;;;;;
-1;kernel;udp_lib_close;;0.0054103704169393;0.0006270629237406;0.0050000003539026;0.0050000003539026;0.0050000003539026;0;0;0.0054103704169393;0.0006270629237406;0.0049999998882413;0.0049999998882413;0.0050000003539026;0.00022739484847989;3.0484686996957e-10;1;"0,100,0,0,0,0,0,0,0,0,0";udp_lib_close;;;;;;;;;;
-1;kernel;percpu_counter_add_batch;;0.0054103704169393;0.0006270629237406;0.0049999998882413;0.0049999998882413;0.0049999998882413;0;0;0.0054103704169393;0.0006270629237406;0.0049999998882413;0.0049999998882413;0.0050000003539026;0.00022739484847989;3.0484686996957e-10;1;"0,0,0,0,0,100,0,0,0,0,0";percpu_counter_add_batch;;;;;;;;;;
-1;kernel;bsearch;;0.0054103704169393;0.0006270629237406;0.0050000003539026;0.0050000003539026;0.0050000003539026;0;0;0.0054103704169393;0.0006270629237406;0.0049999998882413;0.0049999998882413;0.0050000003539026;0.00022739484847989;3.0484686996957e-10;1;"0,100,0,0,0,0,0,0,0,0,0";bsearch;;;;;;;;;;
-1;kernel;copy_iovec_from_user;;0.0054103704169393;0.0006270629237406;0.0050000003539026;0.0050000003539026;0.0050000003539026;0;0;0.0054103704169393;0.0006270629237406;0.0049999998882413;0.0049999998882413;0.0050000003539026;0.00022739484847989;3.0484686996957e-10;1;"0,100,0,0,0,0,0,0,0,0,0";copy_iovec_from_user;;;;;;;;;;
-1;kernel;hook_inode_free_security_rcu;;0.0054103704169393;0.0006270629237406;0.0049999998882413;0.0049999998882413;0.0049999998882413;0;0;0.0054103704169393;0.0006270629237406;0.0049999998882413;0.0049999998882413;0.0050000003539026;0.00022739484847989;3.0484686996957e-10;1;"0,0,0,0,0,100,0,0,0,0,0";hook_inode_free_security_rcu;;;;;;;;;;
-1;kernel;__security_genfs_sid;;0.0054103704169393;0.0006270629237406;0.0049999998882413;0.0049999998882413;0.0049999998882413;0;0;0.0054103704169393;0.0006270629237406;0.0049999998882413;0.0049999998882413;0.0050000003539026;0.00022739484847989;3.0484686996957e-10;1;"0,100,0,0,0,0,0,0,0,0,0";__security_genfs_sid;;;;;;;;;;
-1;kernel;security_file_alloc;;0.0054103704169393;0.0006270629237406;0.0049999998882413;0.0049999998882413;0.0049999998882413;0;0;0.0054103704169393;0.0006270629237406;0.0049999998882413;0.0049999998882413;0.0050000003539026;0.00022739484847989;3.0484686996957e-10;1;"0,100,0,0,0,0,0,0,0,0,0";security_file_alloc;;;;;;;;;;
-1;kernel;btrfs_getattr;;0.0054103704169393;0.0006270629237406;0.0049999998882413;0.0049999998882413;0.0049999998882413;0;0;0.0054103704169393;0.0006270629237406;0.0049999998882413;0.0049999998882413;0.0050000003539026;0.00022739484847989;3.0484686996957e-10;1;"0,100,0,0,0,0,0,0,0,0,0";btrfs_getattr;;;;;;;;;;
-1;kernel;dquot_add_space;;0.0054103704169393;0.0006270629237406;0.0049999998882413;0.0049999998882413;0.0049999998882413;0;0;0.0054103704169393;0.0006270629237406;0.0049999998882413;0.0049999998882413;0.0050000003539026;0.00022739484847989;3.0484686996957e-10;1;"0,0,0,0,0,100,0,0,0,0,0";dquot_add_space;;;;;;;;;;
-1;kernel;fdget_pos;;0.0054103704169393;0.0006270629237406;0.0050000003539026;0.0050000003539026;0.0050000003539026;0;0;0.0054103704169393;0.0006270629237406;0.0049999998882413;0.0049999998882413;0.0050000003539026;0.00022739484847989;3.0484686996957e-10;1;"0,100,0,0,0,0,0,0,0,0,0";fdget_pos;;;;;;;;;;
-1;kernel;alloc_fd;;0.0054103704169393;0.0006270629237406;0.0050000003539026;0.0050000003539026;0.0050000003539026;0;0;0.0054103704169393;0.0006270629237406;0.0049999998882413;0.0049999998882413;0.0050000003539026;0.00022739484847989;3.0484686996957e-10;1;"0,0,0,0,0,100,0,0,0,0,0";alloc_fd;;;;;;;;;;
-1;kernel;iterate_dir;;0.0054103704169393;0.0006270629237406;0.0050000003539026;0.0050000003539026;0.0050000003539026;0;0;0.0054103704169393;0.0006270629237406;0.0049999998882413;0.0049999998882413;0.0050000003539026;0.00022739484847989;3.0484686996957e-10;1;"0,100,0,0,0,0,0,0,0,0,0";iterate_dir;;;;;;;;;;
-1;kernel;hash_name;;0.0054103704169393;0.0006270629237406;0.0049999998882413;0.0049999998882413;0.0049999998882413;0;0;0.0054103704169393;0.0006270629237406;0.0049999998882413;0.0049999998882413;0.0050000003539026;0.00022739484847989;3.0484686996957e-10;1;"0,100,0,0,0,0,0,0,0,0,0";hash_name;;;;;;;;;;
-1;kernel;vfs_read;;0.0054103704169393;0.0006270629237406;0.0050000003539026;0.0050000003539026;0.0050000003539026;0;0;0.0054103704169393;0.0006270629237406;0.0049999998882413;0.0049999998882413;0.0050000003539026;0.00022739484847989;3.0484686996957e-10;1;"0,100,0,0,0,0,0,0,0,0,0";vfs_read;;;;;;;;;;
-1;kernel;mem_cgroup_from_task;;0.0054103704169393;0.0006270629237406;0.0050000003539026;0.0050000003539026;0.0050000003539026;0;0;0.0054103704169393;0.0006270629237406;0.0049999998882413;0.0049999998882413;0.0050000003539026;0.00022739484847989;3.0484686996957e-10;1;"0,0,0,0,0,100,0,0,0,0,0";mem_cgroup_from_task;;;;;;;;;;
-1;kernel;__folio_throttle_swaprate;;0.0054103704169393;0.0006270629237406;0.0049999998882413;0.0049999998882413;0.0049999998882413;0;0;0.0054103704169393;0.0006270629237406;0.0049999998882413;0.0049999998882413;0.0050000003539026;0.00022739484847989;3.0484686996957e-10;1;"0,0,0,0,0,100,0,0,0,0,0";__folio_throttle_swaprate;;;;;;;;;;
-1;kernel;__check_heap_object;;0.0054103704169393;0.0006270629237406;0.0049999998882413;0.0049999998882413;0.0049999998882413;0;0;0.0054103704169393;0.0006270629237406;0.0049999998882413;0.0049999998882413;0.0050000003539026;0.00022739484847989;3.0484686996957e-10;1;"0,100,0,0,0,0,0,0,0,0,0";__check_heap_object;;;;;;;;;;
-1;kernel;__slab_free;;0.0054103704169393;0.0006270629237406;0.0050000003539026;0.0050000003539026;0.0050000003539026;0;0;0.0054103704169393;0.0006270629237406;0.0049999998882413;0.0049999998882413;0.0050000003539026;0.00022739484847989;3.0484686996957e-10;1;"0,0,0,0,0,100,0,0,0,0,0";__slab_free;;;;;;;;;;
-1;kernel;process_vm_rw_core.constprop.0;;0.0054103704169393;0.0006270629237406;0.0049999998882413;0.0049999998882413;0.0049999998882413;0;0;0.0054103704169393;0.0006270629237406;0.0049999998882413;0.0049999998882413;0.0050000003539026;0.00022739484847989;3.0484686996957e-10;1;"0,100,0,0,0,0,0,0,0,0,0";process_vm_rw_core.constprop.0;;;;;;;;;;
-1;kernel;do_vmi_align_munmap;;0.0054103704169393;0.0006270629237406;0.0050000003539026;0.0050000003539026;0.0050000003539026;0;0;0.0054103704169393;0.0006270629237406;0.0049999998882413;0.0049999998882413;0.0050000003539026;0.00022739484847989;3.0484686996957e-10;1;"0,100,0,0,0,0,0,0,0,0,0";do_vmi_align_munmap;;;;;;;;;;
-1;kernel;folio_add_file_rmap_ptes;;0.0054103704169393;0.0006270629237406;0.0050000003539026;0.0050000003539026;0.0050000003539026;0;0;0.0054103704169393;0.0006270629237406;0.0049999998882413;0.0049999998882413;0.0050000003539026;0.00022739484847989;3.0484686996957e-10;1;"0,0,0,0,0,100,0,0,0,0,0";folio_add_file_rmap_ptes;;;;;;;;;;
-1;kernel;__folio_mod_stat;;0.0054103704169393;0.0006270629237406;0.0049999998882413;0.0049999998882413;0.0049999998882413;0;0;0.0054103704169393;0.0006270629237406;0.0049999998882413;0.0049999998882413;0.0050000003539026;0.00022739484847989;3.0484686996957e-10;1;"0,0,0,0,0,100,0,0,0,0,0";__folio_mod_stat;;;;;;;;;;
-1;kernel;__tlb_remove_folio_pages;;0.0054103704169393;0.0006270629237406;0.0050000003539026;0.0050000003539026;0.0050000003539026;0;0;0.0054103704169393;0.0006270629237406;0.0049999998882413;0.0049999998882413;0.0050000003539026;0.00022739484847989;3.0484686996957e-10;1;"0,0,0,0,0,100,0,0,0,0,0";__tlb_remove_folio_pages;;;;;;;;;;
-1;kernel;finish_fault;;0.0054103704169393;0.0006270629237406;0.0050000003539026;0.0050000003539026;0.0050000003539026;0;0;0.0054103704169393;0.0006270629237406;0.0049999998882413;0.0049999998882413;0.0050000003539026;0.00022739484847989;3.0484686996957e-10;1;"0,0,0,0,0,100,0,0,0,0,0";finish_fault;;;;;;;;;;
-1;kernel;set_ptes.isra.0;;0.0054103704169393;0.0006270629237406;0.0049999998882413;0.0049999998882413;0.0049999998882413;0;0;0.0054103704169393;0.0006270629237406;0.0049999998882413;0.0049999998882413;0.0050000003539026;0.00022739484847989;3.0484686996957e-10;1;"0,0,0,0,0,100,0,0,0,0,0";set_ptes.isra.0;;;;;;;;;;
-1;kernel;follow_pmd_mask.isra.0;;0.0054103704169393;0.0006270629237406;0.0049999998882413;0.0049999998882413;0.0049999998882413;0;0;0.0054103704169393;0.0006270629237406;0.0049999998882413;0.0049999998882413;0.0050000003539026;0.00022739484847989;3.0484686996957e-10;1;"0,100,0,0,0,0,0,0,0,0,0";follow_pmd_mask.isra.0;;;;;;;;;;
-1;kernel;unpin_user_pages;;0.0054103704169393;0.0006270629237406;0.0050000003539026;0.0050000003539026;0.0050000003539026;0;0;0.0054103704169393;0.0006270629237406;0.0049999998882413;0.0049999998882413;0.0050000003539026;0.00022739484847989;3.0484686996957e-10;1;"0,100,0,0,0,0,0,0,0,0,0";unpin_user_pages;;;;;;;;;;
-1;kernel;gup_put_folio;;0.0054103704169393;0.0006270629237406;0.0049999998882413;0.0049999998882413;0.0049999998882413;0;0;0.0054103704169393;0.0006270629237406;0.0049999998882413;0.0049999998882413;0.0050000003539026;0.00022739484847989;3.0484686996957e-10;1;"0,100,0,0,0,0,0,0,0,0,0";gup_put_folio;;;;;;;;;;
-1;kernel;gup_vma_lookup;;0.0054103704169393;0.0006270629237406;0.0049999998882413;0.0049999998882413;0.0049999998882413;0;0;0.0054103704169393;0.0006270629237406;0.0049999998882413;0.0049999998882413;0.0050000003539026;0.00022739484847989;3.0484686996957e-10;1;"0,100,0,0,0,0,0,0,0,0,0";gup_vma_lookup;;;;;;;;;;
-1;kernel;__mod_node_page_state;;0.0054103704169393;0.0006270629237406;0.0050000003539026;0.0050000003539026;0.0050000003539026;0;0;0.0054103704169393;0.0006270629237406;0.0049999998882413;0.0049999998882413;0.0050000003539026;0.00022739484847989;3.0484686996957e-10;1;"0,0,0,0,0,100,0,0,0,0,0";__mod_node_page_state;;;;;;;;;;
-1;kernel;shmem_undo_range;;0.0054103704169393;0.0006270629237406;0.0050000003539026;0.0050000003539026;0.0050000003539026;0;0;0.0054103704169393;0.0006270629237406;0.0049999998882413;0.0049999998882413;0.0050000003539026;0.00022739484847989;3.0484686996957e-10;1;"0,0,0,0,0,100,0,0,0,0,0";shmem_undo_range;;;;;;;;;;
-1;kernel;__folio_batch_add_and_move;;0.0054103704169393;0.0006270629237406;0.0050000003539026;0.0050000003539026;0.0050000003539026;0;0;0.0054103704169393;0.0006270629237406;0.0049999998882413;0.0049999998882413;0.0050000003539026;0.00022739484847989;3.0484686996957e-10;1;"0,0,0,0,0,100,0,0,0,0,0";__folio_batch_add_and_move;;;;;;;;;;
-1;kernel;noop_dirty_folio;;0.0054103704169393;0.0006270629237406;0.0050000003539026;0.0050000003539026;0.0050000003539026;0;0;0.0054103704169393;0.0006270629237406;0.0049999998882413;0.0049999998882413;0.0050000003539026;0.00022739484847989;3.0484686996957e-10;1;"0,0,0,0,0,100,0,0,0,0,0";noop_dirty_folio;;;;;;;;;;
-1;kernel;filemap_get_entry;;0.0054103704169393;0.0006270629237406;0.0049999998882413;0.0049999998882413;0.0049999998882413;0;0;0.0054103704169393;0.0006270629237406;0.0049999998882413;0.0049999998882413;0.0050000003539026;0.00022739484847989;3.0484686996957e-10;1;"0,0,0,0,0,100,0,0,0,0,0";filemap_get_entry;;;;;;;;;;
-1;kernel;filemap_map_pages;;0.0054103704169393;0.0006270629237406;0.0049999998882413;0.0049999998882413;0.0049999998882413;0;0;0.0054103704169393;0.0006270629237406;0.0049999998882413;0.0049999998882413;0.0050000003539026;0.00022739484847989;3.0484686996957e-10;1;"0,0,0,0,0,100,0,0,0,0,0";filemap_map_pages;;;;;;;;;;
-1;kernel;bpf_probe_read_kernel;;0.0054103704169393;0.0006270629237406;0.0050000003539026;0.0050000003539026;0.0050000003539026;0;0;0.0054103704169393;0.0006270629237406;0.0049999998882413;0.0049999998882413;0.0050000003539026;0.00022739484847989;3.0484686996957e-10;1;"0,100,0,0,0,0,0,0,0,0,0";bpf_probe_read_kernel;;;;;;;;;;
-1;kernel;css_rstat_updated;;0.0054103704169393;0.0006270629237406;0.0049999998882413;0.0049999998882413;0.0049999998882413;0;0;0.0054103704169393;0.0006270629237406;0.0049999998882413;0.0049999998882413;0.0050000003539026;0.00022739484847989;3.0484686996957e-10;1;"0,0,0,0,0,100,0,0,0,0,0";css_rstat_updated;;;;;;;;;;
-1;kernel;update_iter_mod;;0.0054103704169393;0.0006270629237406;0.0049999998882413;0.0049999998882413;0.0049999998882413;0;0;0.0054103704169393;0.0006270629237406;0.0049999998882413;0.0049999998882413;0.0050000003539026;0.00022739484847989;3.0484686996957e-10;1;"0,100,0,0,0,0,0,0,0,0,0";update_iter_mod;;;;;;;;;;
-1;kernel;futex_wait_setup;;0.0054103704169393;0.0006270629237406;0.0049999998882413;0.0049999998882413;0.0049999998882413;0;0;0.0054103704169393;0.0006270629237406;0.0049999998882413;0.0049999998882413;0.0050000003539026;0.00022739484847989;3.0484686996957e-10;1;"0,0,0,0,0,0,100,0,0,0,0";futex_wait_setup;;;;;;;;;;
-1;kernel;finish_task_switch.isra.0;;0.0054103704169393;0.0006270629237406;0.0049999998882413;0.0049999998882413;0.0049999998882413;0;0;0.0054103704169393;0.0006270629237406;0.0049999998882413;0.0049999998882413;0.0050000003539026;0.00022739484847989;3.0484686996957e-10;1;"0,0,0,0,0,100,0,0,0,0,0";finish_task_switch.isra.0;;;;;;;;;;
-1;kernel;find_get_task_by_vpid;;0.0054103704169393;0.0006270629237406;0.0050000003539026;0.0050000003539026;0.0050000003539026;0;0;0.0054103704169393;0.0006270629237406;0.0049999998882413;0.0049999998882413;0.0050000003539026;0.00022739484847989;3.0484686996957e-10;1;"0,100,0,0,0,0,0,0,0,0,0";find_get_task_by_vpid;;;;;;;;;;
-1;kernel;pte_mkwrite;;0.0054103704169393;0.0006270629237406;0.0050000003539026;0.0050000003539026;0.0050000003539026;0;0;0.0054103704169393;0.0006270629237406;0.0049999998882413;0.0049999998882413;0.0050000003539026;0.00022739484847989;3.0484686996957e-10;1;"0,0,0,0,0,100,0,0,0,0,0";pte_mkwrite;;;;;;;;;;
-1;kernel;orc_find.part.0;;0.0054103704169393;0.0006270629237406;0.0049999998882413;0.0049999998882413;0.0049999998882413;0;0;0.0054103704169393;0.0006270629237406;0.0049999998882413;0.0049999998882413;0.0050000003539026;0.00022739484847989;3.0484686996957e-10;1;"0,0,0,0,0,100,0,0,0,0,0";orc_find.part.0;;;;;;;;;;
-1;kernel;s_start;;0.0054103704169393;0.0006270629237406;0.0049999998882413;0.0049999998882413;0.0049999998882413;0;0;0.0054103704169393;0.0006270629237406;0.0049999998882413;0.0049999998882413;0.0050000003539026;0.00022739484847989;3.0484686996957e-10;1;"0,100,0,0,0,0,0,0,0,0,0";s_start;;;;;;;;;;
2512;libc.so.6;process_vm_readv;;0.0054103704169393;0.0006270629237406;0.0049999998882413;0.0049999998882413;0.0049999998882413;0;0;0.0054103704169393;0.0006270629237406;0.0049999998882413;0.0049999998882413;0.0050000003539026;0.00022739484847989;3.0484686996957e-10;1;"0,100,0,0,0,0,0,0,0,0,0";process_vm_readv;;;;;;;;;;
2254;libmpi.so.40.40.7;mca_pml_cm_cancel;;0.0054103704169393;0.0006270629237406;0.0049999998882413;0.0049999998882413;0.0049999998882413;0;0;0.0054103704169393;0.0006270629237406;0.0049999998882413;0.0049999998882413;0.0050000003539026;0.00022739484847989;3.0484686996957e-10;1;"0,100,0,0,0,0,0,0,0,0,0";mca_pml_cm_cancel;;;;;;;;;;
2171;libmpi.so.40.40.7;mca_pml_ucx_open;;0.0054103704169393;0.0006270629237406;0.0050000003539026;0.0050000003539026;0.0050000003539026;0;0;0.0054103704169393;0.0006270629237406;0.0049999998882413;0.0049999998882413;0.0050000003539026;0.00022739484847989;3.0484686996957e-10;1;"0,100,0,0,0,0,0,0,0,0,0";mca_pml_ucx_open;;;;;;;;;;
2122;libc.so.6;__GI___uname;;0.0054103704169393;0.0006270629237406;0.0049999998882413;0.0049999998882413;0.0049999998882413;0;0;0.0054103704169393;0.0006270629237406;0.0049999998882413;0.0049999998882413;0.0050000003539026;0.00022739484847989;3.0484686996957e-10;1;"0,0,0,0,0,100,0,0,0,0,0";__GI___uname;;;;;;;;;;
1872;libc.so.6;__GI___clock_gettime;;0.0054103704169393;0.0006270629237406;0.0049999998882413;0.0049999998882413;0.0049999998882413;0;0;0.0054103704169393;0.0006270629237406;0.0049999998882413;0.0049999998882413;0.0050000003539026;0.00022739484847989;3.0484686996957e-10;1;"0,100,0,0,0,0,0,0,0,0,0";__GI___clock_gettime;;;;;;;;;;
1488;libc.so.6;__calloc;;0.0054103704169393;0.0006270629237406;0.0049999998882413;0.0049999998882413;0.0049999998882413;0;0;0.0054103704169393;0.0006270629237406;0.0049999998882413;0.0049999998882413;0.0050000003539026;0.00022739484847989;3.0484686996957e-10;1;"0,100,0,0,0,0,0,0,0,0,0";__calloc;;;;;;;;;;
1311;libc.so.6;__pthread_spin_lock;;0.0054103704169393;0.0006270629237406;0.0049999998882413;0.0049999998882413;0.0049999998882413;0;0;0.0054103704169393;0.0006270629237406;0.0049999998882413;0.0049999998882413;0.0050000003539026;0.00022739484847989;3.0484686996957e-10;1;"0,100,0,0,0,0,0,0,0,0,0";__pthread_spin_lock;;;;;;;;;;
977;libc.so.6;__old_fmemopen;;0.0054103704169393;0.0006270629237406;0.0049999998882413;0.0049999998882413;0.0049999998882413;0;0;0.0054103704169393;0.0006270629237406;0.0049999998882413;0.0049999998882413;0.0050000003539026;0.00022739484847989;3.0484686996957e-10;1;"0,0,0,0,0,100,0,0,0,0,0";__old_fmemopen;;;;;;;;;;
904;libc.so.6;_IO_wfile_underflow;;0.0054103704169393;0.0006270629237406;0.0050000003539026;0.0050000003539026;0.0050000003539026;0;0;0.0054103704169393;0.0006270629237406;0.0049999998882413;0.0049999998882413;0.0050000003539026;0.00022739484847989;3.0484686996957e-10;1;"0,0,0,0,0,0,0,100,0,0,0";_IO_wfile_underflow;;;;;;;;;;
875;libc.so.6;_IO_wdefault_pbackfail;;0.0054103704169393;0.0006270629237406;0.0049999998882413;0.0049999998882413;0.0049999998882413;0;0;0.0054103704169393;0.0006270629237406;0.0049999998882413;0.0049999998882413;0.0050000003539026;0.00022739484847989;3.0484686996957e-10;1;"0,0,0,0,0,0,0,100,0,0,0";_IO_wdefault_pbackfail;;;;;;;;;;
874;libc.so.6;_IO_wsetb;;0.0054103704169393;0.0006270629237406;0.0049999998882413;0.0049999998882413;0.0049999998882413;0;0;0.0054103704169393;0.0006270629237406;0.0049999998882413;0.0049999998882413;0.0050000003539026;0.00022739484847989;3.0484686996957e-10;1;"0,0,0,0,0,0,0,100,0,0,0";_IO_wsetb;;;;;;;;;;
769;libopen-pal.so.80.0.5;opal_memchecker_base_runindebugger;;0.0054103704169393;0.0006270629237406;0.0049999998882413;0.0049999998882413;0.0049999998882413;0;0;0.0054103704169393;0.0006270629237406;0.0049999998882413;0.0049999998882413;0.0050000003539026;0.00022739484847989;3.0484686996957e-10;1;"0,100,0,0,0,0,0,0,0,0,0";opal_memchecker_base_runindebugger;;;;;;;;;;
757;libopen-pal.so.80.0.5;opal_memchecker_valgrind_component_query;;0.0054103704169393;0.0006270629237406;0.0050000003539026;0.0050000003539026;0.0050000003539026;0;0;0.0054103704169393;0.0006270629237406;0.0049999998882413;0.0049999998882413;0.0050000003539026;0.00022739484847989;3.0484686996957e-10;1;"0,100,0,0,0,0,0,0,0,0,0";opal_memchecker_valgrind_component_query;;;;;;;;;;
756;libc.so.6;__printf_buffer;;0.0054103704169393;0.0006270629237406;0.0049999998882413;0.0049999998882413;0.0049999998882413;0;0;0.0054103704169393;0.0006270629237406;0.0049999998882413;0.0049999998882413;0.0050000003539026;0.00022739484847989;3.0484686996957e-10;1;"0,0,0,0,0,100,0,0,0,0,0";__printf_buffer;;;;;;;;;;
747;libmpi.so.40.40.7;MPI_Type_f2c;;0.0054103704169393;0.0006270629237406;0.0049999998882413;0.0049999998882413;0.0049999998882413;0;0;0.0054103704169393;0.0006270629237406;0.0049999998882413;0.0049999998882413;0.0050000003539026;0.00022739484847989;3.0484686996957e-10;1;"0,100,0,0,0,0,0,0,0,0,0";MPI_Type_f2c;;;;;;;;;;
644;libmpi.so.40.40.7;MPI_Send;;0.0054103704169393;0.0006270629237406;0.0050000003539026;0.0050000003539026;0.0050000003539026;0;0;0.0054103704169393;0.0006270629237406;0.0049999998882413;0.0049999998882413;0.0050000003539026;0.00022739484847989;3.0484686996957e-10;1;"0,100,0,0,0,0,0,0,0,0,0";MPI_Send;;;;;;;;;;
620;libopen-pal.so.80.0.5;opal_common_ofi_select_provider;;0.0054103704169393;0.0006270629237406;0.0049999998882413;0.0049999998882413;0.0049999998882413;0;0;0.0054103704169393;0.0006270629237406;0.0049999998882413;0.0049999998882413;0.0050000003539026;0.00022739484847989;3.0484686996957e-10;1;"0,100,0,0,0,0,0,0,0,0,0";opal_common_ofi_select_provider;;;;;;;;;;
617;libopen-pal.so.80.0.5;opal_common_ofi_export_memory_monitor;;0.0054103704169393;0.0006270629237406;0.0049999998882413;0.0049999998882413;0.0049999998882413;0;0;0.0054103704169393;0.0006270629237406;0.0049999998882413;0.0049999998882413;0.0050000003539026;0.00022739484847989;3.0484686996957e-10;1;"0,100,0,0,0,0,0,0,0,0,0";opal_common_ofi_export_memory_monitor;;;;;;;;;;
612;libmpi.so.40.40.7;MPI_Request_f2c;;0.0054103704169393;0.0006270629237406;0.0050000003539026;0.0050000003539026;0.0050000003539026;0;0;0.0054103704169393;0.0006270629237406;0.0049999998882413;0.0049999998882413;0.0050000003539026;0.00022739484847989;3.0484686996957e-10;1;"0,100,0,0,0,0,0,0,0,0,0";MPI_Request_f2c;;;;;;;;;;
326;libucs.so.0.0.0;ucs_memtype_cache_global_init;;0.0054103704169393;0.0006270629237406;0.0049999998882413;0.0049999998882413;0.0049999998882413;0;0;0.0054103704169393;0.0006270629237406;0.0049999998882413;0.0049999998882413;0.0050000003539026;0.00022739484847989;3.0484686996957e-10;1;"0,0,0,0,0,0,0,0,0,0,100";ucs_memtype_cache_global_init;;;;;;;;;;
287;libopen-pal.so.80.0.5;mca_base_var_group_deregister;;0.0054103704169393;0.0006270629237406;0.0049999998882413;0.0049999998882413;0.0049999998882413;0;0;0.0054103704169393;0.0006270629237406;0.0049999998882413;0.0049999998882413;0.0050000003539026;0.00022739484847989;3.0484686996957e-10;1;"0,100,0,0,0,0,0,0,0,0,0";mca_base_var_group_deregister;;;;;;;;;;
233;libmpi_mpifh.so.40.40.1;MPI_IRECV;;0.0054103704169393;0.0006270629237406;0.0049999998882413;0.0049999998882413;0.0049999998882413;0;0;0.0054103704169393;0.0006270629237406;0.0049999998882413;0.0049999998882413;0.0050000003539026;0.00022739484847989;3.0484686996957e-10;1;"0,100,0,0,0,0,0,0,0,0,0";MPI_IRECV;;;;;;;;;;
191;libc.so.6;__gconv_transform_internal_ucs2reverse;;0.0054103704169393;0.0006270629237406;0.0050000003539026;0.0050000003539026;0.0050000003539026;0;0;0.0054103704169393;0.0006270629237406;0.0049999998882413;0.0049999998882413;0.0050000003539026;0.00022739484847989;3.0484686996957e-10;1;"0,0,0,0,0,0,0,0,100,0,0";__gconv_transform_internal_ucs2reverse;;;;;;;;;;
149;ld-linux-x86-64.so.2;_dl_relocate_object_no_relro;;0.0054103704169393;0.0006270629237406;0.0050000003539026;0.0050000003539026;0.0050000003539026;0;0;0.0054103704169393;0.0006270629237406;0.0049999998882413;0.0049999998882413;0.0050000003539026;0.00022739484847989;3.0484686996957e-10;1;"0,0,0,0,0,100,0,0,0,0,0";_dl_relocate_object_no_relro;;;;;;;;;;
97;libpmix.so.2.13.7;pmix_client_convert_group_procs;;0.0054103704169393;0.0006270629237406;0.0050000003539026;0.0050000003539026;0.0050000003539026;0;0;0.0054103704169393;0.0006270629237406;0.0049999998882413;0.0049999998882413;0.0050000003539026;0.00022739484847989;3.0484686996957e-10;1;"0,100,0,0,0,0,0,0,0,0,0";pmix_client_convert_group_procs;;;;;;;;;;
87;libucs.so.0.0.0;ucs_config_sscanf_memunits;;0.0054103704169393;0.0006270629237406;0.0049999998882413;0.0049999998882413;0.0049999998882413;0;0;0.0054103704169393;0.0006270629237406;0.0049999998882413;0.0049999998882413;0.0050000003539026;0.00022739484847989;3.0484686996957e-10;1;"0,100,0,0,0,0,0,0,0,0,0";ucs_config_sscanf_memunits;;;;;;;;;;
51;libopen-pal.so.80.0.5;opal_hash_table_get_next_key_ptr;;0.0054103704169393;0.0006270629237406;0.0049999998882413;0.0049999998882413;0.0049999998882413;0;0;0.0054103704169393;0.0006270629237406;0.0049999998882413;0.0049999998882413;0.0050000003539026;0.00022739484847989;3.0484686996957e-10;1;"0,100,0,0,0,0,0,0,0,0,0";opal_hash_table_get_next_key_ptr;;;;;;;;;;
19;mg_mpi_f90_gfortran;comm3_ex;mg.f90:1180-1180,mg.f90:1198-1217;0.0054103704169393;0.0006270629237406;0.0049999998882413;0.0049999998882413;0.0049999998882413;0;0;0.0054103704169393;0.0006270629237406;0.0049999998882413;0.0049999998882413;0.0050000003539026;0.00022739484847989;3.0484686996957e-10;1;"100,0,0,0,0,0,0,0,0,0,0";comm3_ex_;;;;;;;;;;
-1;libc.so.6;unknown_function;;0.0054103704169393;0.0006270629237406;0.0050000003539026;0.0050000003539026;0.0050000003539026;0;0;0.0054103704169393;0.0006270629237406;0.0049999998882413;0.0049999998882413;0.0050000003539026;0.00022739484847989;3.0484686996957e-10;1;"0,0,0,0,0,0,0,0,0,0,100";Unknown function;;;;;;;;;;
